{"nodes":{"node:1":{"location":{"x":50,"y":250}}},"selection":null,"view":{"scroll":{"x":75.9233322143554688,"y":2.4824674129486084},"visible_rect":{"max":{"x":1574.39990234375,"y":907.29815673828125},"min":{"x":70.399932861328125,"y":2.30186867713928223}},"zoom":1.07845747470855713}}