{"nodes":{"node:1":{"location":{"x":-79,"y":266}},"node:3":{"location":{"x":100,"y":254}},"node:7":{"location":{"x":308,"y":248}}},"selection":["node:3"],"view":{"scroll":{"x":-119.307289123535156,"y":282.77813720703125},"visible_rect":{"max":{"x":502.95416259765625,"y":485.422515869140625},"min":{"x":-95.445831298828125,"y":226.222518920898438}},"zoom":1.25}}