{"nodes":{"node:1":{"location":{"x":-79,"y":266}},"node:12":{"location":{"x":308,"y":372}},"node:3":{"location":{"x":113,"y":260}},"node:7":{"location":{"x":292,"y":270}}},"selection":["node:12"],"view":{"scroll":{"x":-378.503265380859375,"y":-12.5293807983398438},"visible_rect":{"max":{"x":634.79736328125,"y":556.37652587890625},"min":{"x":-302.8026123046875,"y":-10.0235052108764648}},"zoom":1.25}}