{"nodes":{"node:1":{"location":{"x":-79,"y":266}},"node:21":{"location":{"x":100,"y":254}},"node:3":{"location":{"x":52,"y":462}},"node:5":{"location":{"x":324,"y":414}},"node:8":{"location":{"x":324,"y":286}}},"selection":["node:5"],"view":{"scroll":{"x":-125.27557373046875,"y":196.72906494140625},"visible_rect":{"max":{"x":493.72442626953125,"y":745.72906494140625},"min":{"x":-125.27557373046875,"y":196.72906494140625}},"zoom":1}}