{"nodes":{"node:1":{"location":{"x":50,"y":250}}},"selection":null,"view":{"scroll":{"x":-240.456085205078125,"y":141.216064453125},"visible_rect":{"max":{"x":378.543914794921875,"y":626.216064453125},"min":{"x":-240.456085205078125,"y":141.216064453125}},"zoom":1}}