{"nodes":{"node:1":{"location":{"x":50,"y":250}}},"selection":null,"view":{"scroll":{"x":-136.013595581054688,"y":185.262191772460938},"visible_rect":{"max":{"x":512.881103515625,"y":745.7291259765625},"min":{"x":-144.432235717773438,"y":196.729110717773438}},"zoom":0.94171220064163208}}