{"nodes":{"node:1":{"location":{"x":50,"y":250}},"node:3":{"location":{"x":260,"y":366}},"node:5":{"location":{"x":348,"y":194}}},"selection":null,"view":{"scroll":{"x":-128.532424926757812,"y":-7.60102128982543945},"visible_rect":{"max":{"x":1367.8641357421875,"y":1004.50140380859375},"min":{"x":-136.1357421875,"y":-8.05065822601318359}},"zoom":0.9441489577293396}}