{"nodes":{"node:1":{"location":{"x":-63,"y":132}},"node:3":{"location":{"x":132,"y":126}}},"selection":null,"view":{"scroll":{"x":-383.3173828125,"y":127.610488891601562},"visible_rect":{"max":{"x":748.34130859375,"y":551.80523681640625},"min":{"x":-191.65869140625,"y":63.8052444458007812}},"zoom":2}}