{"nodes":{"node:1":{"location":{"x":-79,"y":266}},"node:3":{"location":{"x":97,"y":254}},"node:7":{"location":{"x":292,"y":270}}},"selection":null,"view":{"scroll":{"x":-197.394882202148438,"y":189.89453125},"visible_rect":{"max":{"x":550.60528564453125,"y":513.89471435546875},"min":{"x":-197.39495849609375,"y":189.89459228515625}},"zoom":0.999999642372131348}}