{"nodes":{"node:1":{"location":{"x":-47,"y":154}}},"selection":null,"view":{"scroll":{"x":-27.4163818359375,"y":66.7290573120117188},"visible_rect":{"max":{"x":591.5836181640625,"y":615.72906494140625},"min":{"x":-27.4163818359375,"y":66.7290573120117188}},"zoom":1}}