{"nodes":{"node:1":{"location":{"x":50,"y":250}},"node:11":{"location":{"x":918,"y":384}},"node:3":{"location":{"x":292,"y":222}},"node:6":{"location":{"x":323,"y":463}},"node:9":{"location":{"x":532,"y":222}}},"selection":null,"view":{"scroll":{"x":87.9999847412109375,"y":80.5000228881835938},"visible_rect":{"max":{"x":1574.4000244140625,"y":845.20001220703125},"min":{"x":70.3999862670898438,"y":64.4000167846679688}},"zoom":1.25}}