{"nodes":{"node:1":{"location":{"x":-79,"y":266}},"node:3":{"location":{"x":52,"y":462}},"node:5":{"location":{"x":324,"y":414}},"node:7":{"location":{"x":324,"y":276}},"node:9":{"location":{"x":100,"y":254}}},"selection":["node:7"],"view":{"scroll":{"x":-133.44232177734375,"y":191.028121948242188},"visible_rect":{"max":{"x":517.594970703125,"y":720.63275146484375},"min":{"x":-142.246902465820312,"y":203.632247924804688}},"zoom":0.938103556632995605}}