{
    "PlayerBulletLauncher": {
        "bulletSpeed": 10.0,
        "launchDirection": {
            "x": 0.9953836798667908,
            "y": 0.0,
            "z": -0.09597557783126831
        },
        "modelNaturalLength": 0.0,
        "offset": {
            "x": 0.0,
            "y": 0.0,
            "z": 1.0
        }
    }
}